Day,L,M,S
0,0.3809,3.2322,0.14171
1,0.3259,3.1957,0.14578
2,0.3101,3.2104,0.14637
3,0.2986,3.2315,0.14657
4,0.2891,3.2558,0.14658
5,0.281,3.2821,0.14646
6,0.2737,3.3099,0.14626
7,0.2671,3.3388,0.146
8,0.2609,3.3687,0.14569
9,0.2551,3.3995,0.14534
10,0.2497,3.4314,0.14498
11,0.2446,3.4643,0.14459
12,0.2397,3.4983,0.1442
13,0.2349,3.5333,0.1438
14,0.2304,3.5693,0.14339
15,0.226,3.6063,0.14299
16,0.2218,3.6438,0.14258
17,0.2177,3.6818,0.14218
18,0.2137,3.7201,0.14177
19,0.2099,3.7584,0.14138
20,0.2061,3.7968,0.14098
21,0.2024,3.8352,0.1406
22,0.1989,3.8735,0.14021
23,0.1954,3.9116,0.13984
24,0.1919,3.9495,0.13947
25,0.1886,3.9872,0.1391
26,0.1853,4.0247,0.13875
27,0.1821,4.0618,0.1384
28,0.1789,4.0987,0.13805
29,0.1758,4.1353,0.13771
30,0.1727,4.1716,0.13738
31,0.1697,4.2075,0.13706
32,0.1668,4.2431,0.13674
33,0.1638,4.2783,0.13643
34,0.161,4.3131,0.13613
35,0.1582,4.3476,0.13583
36,0.1554,4.3818,0.13554
37,0.1526,4.4155,0.13526
38,0.1499,4.449,0.13498
39,0.1473,4.482,0.1347
40,0.1446,4.5148,0.13444
41,0.142,4.5472,0.13418
42,0.1395,4.5793,0.13392
43,0.1369,4.611,0.13367
44,0.1344,4.6425,0.13342
45,0.132,4.6736,0.13318
46,0.1295,4.7044,0.13295
47,0.1271,4.7349,0.13272
48,0.1247,4.7651,0.1325
49,0.1224,4.795,0.13228
50,0.12,4.8245,0.13206
51,0.1177,4.8538,0.13185
52,0.1154,4.8828,0.13165
53,0.1132,4.9115,0.13145
54,0.1109,4.9399,0.13125
55,0.1087,4.968,0.13106
56,0.1065,4.9959,0.13087
57,0.1044,5.0235,0.13068
58,0.1022,5.0509,0.1305
59,0.1001,5.078,0.13033
60,0.098,5.1049,0.13015
61,0.0959,5.1315,0.12998
62,0.0938,5.158,0.12982
63,0.0918,5.1842,0.12966
64,0.0897,5.2102,0.1295
65,0.0877,5.236,0.12934
66,0.0857,5.2616,0.12919
67,0.0838,5.287,0.12904
68,0.0818,5.3121,0.12889
69,0.0798,5.337,0.12875
70,0.0779,5.3618,0.12861
71,0.076,5.3863,0.12847
72,0.0741,5.4107,0.12834
73,0.0722,5.4348,0.12821
74,0.0704,5.4587,0.12808
75,0.0685,5.4825,0.12795
76,0.0667,5.5061,0.12783
77,0.0648,5.5295,0.1277
78,0.063,5.5527,0.12758
79,0.0612,5.5757,0.12747
80,0.0595,5.5986,0.12735
81,0.0577,5.6213,0.12724
82,0.0559,5.6438,0.12713
83,0.0542,5.6662,0.12702
84,0.0525,5.6883,0.12691
85,0.0508,5.7104,0.12681
86,0.049,5.7322,0.12671
87,0.0474,5.7539,0.1266
88,0.0457,5.7755,0.12651
89,0.044,5.7969,0.12641
90,0.0424,5.8181,0.12631
91,0.0407,5.8393,0.12622
92,0.0391,5.8602,0.12613
93,0.0375,5.881,0.12604
94,0.0358,5.9017,0.12595
95,0.0342,5.9223,0.12586
96,0.0327,5.9427,0.12577
97,0.0311,5.9629,0.12569
98,0.0295,5.9831,0.12561
99,0.0279,6.0031,0.12553
100,0.0264,6.0229,0.12545
101,0.0249,6.0426,0.12537
102,0.0233,6.0622,0.12529
103,0.0218,6.0817,0.12522
104,0.0203,6.101,0.12514
105,0.0188,6.1202,0.12507
106,0.0173,6.1393,0.125
107,0.0158,6.1582,0.12493
108,0.0144,6.1771,0.12486
109,0.0129,6.1958,0.12479
110,0.0114,6.2143,0.12472
111,0.01,6.2328,0.12466
112,0.0086,6.2511,0.12459
113,0.0071,6.2693,0.12453
114,0.0057,6.2874,0.12447
115,0.0043,6.3054,0.12441
116,0.0029,6.3232,0.12435
117,0.0015,6.341,0.12429
118,0.0001,6.3586,0.12423
119,-0.0013,6.3761,0.12417
120,-0.0026,6.3935,0.12412
121,-0.004,6.4108,0.12406
122,-0.0053,6.428,0.12401
123,-0.0067,6.445,0.12395
124,-0.008,6.462,0.1239
125,-0.0094,6.4788,0.12385
126,-0.0107,6.4956,0.1238
127,-0.012,6.5122,0.12375
128,-0.0133,6.5288,0.1237
129,-0.0146,6.5452,0.12365
130,-0.0159,6.5615,0.1236
131,-0.0172,6.5777,0.12355
132,-0.0185,6.5939,0.12351
133,-0.0198,6.6099,0.12346
134,-0.021,6.6258,0.12342
135,-0.0223,6.6416,0.12337
136,-0.0235,6.6573,0.12333
137,-0.0248,6.6729,0.12329
138,-0.026,6.6884,0.12325
139,-0.0273,6.7039,0.12321
140,-0.0285,6.7192,0.12317
141,-0.0297,6.7344,0.12313
142,-0.0309,6.7495,0.12309
143,-0.0321,6.7646,0.12305
144,-0.0333,6.7795,0.12301
145,-0.0345,6.7944,0.12298
146,-0.0357,6.8091,0.12294
147,-0.0369,6.8238,0.12291
148,-0.0381,6.8384,0.12287
149,-0.0393,6.8529,0.12284
150,-0.0404,6.8673,0.12281
151,-0.0416,6.8816,0.12277
152,-0.0428,6.8959,0.12274
153,-0.0439,6.91,0.12271
154,-0.045,6.9241,0.12268
155,-0.0462,6.9381,0.12265
156,-0.0473,6.952,0.12262
157,-0.0484,6.9659,0.12259
158,-0.0496,6.9797,0.12256
159,-0.0507,6.9934,0.12254
160,-0.0518,7.007,0.12251
161,-0.0529,7.0205,0.12248
162,-0.054,7.034,0.12246
163,-0.0551,7.0474,0.12243
164,-0.0562,7.0607,0.12241
165,-0.0573,7.074,0.12238
166,-0.0583,7.0872,0.12236
167,-0.0594,7.1003,0.12234
168,-0.0605,7.1133,0.12231
169,-0.0615,7.1263,0.12229
170,-0.0626,7.1393,0.12227
171,-0.0637,7.1521,0.12225
172,-0.0647,7.1649,0.12223
173,-0.0658,7.1776,0.12221
174,-0.0668,7.1903,0.12219
175,-0.0678,7.2029,0.12217
176,-0.0689,7.2154,0.12215
177,-0.0699,7.2279,0.12214
178,-0.0709,7.2403,0.12212
179,-0.0719,7.2527,0.1221
180,-0.0729,7.265,0.12208
181,-0.0739,7.2772,0.12207
182,-0.0749,7.2894,0.12205
183,-0.0759,7.3016,0.12204
184,-0.0769,7.3136,0.12202
185,-0.0779,7.3256,0.12201
186,-0.0789,7.3376,0.122
187,-0.0799,7.3495,0.12198
188,-0.0808,7.3614,0.12197
189,-0.0818,7.3732,0.12196
190,-0.0828,7.3849,0.12195
191,-0.0837,7.3966,0.12194
192,-0.0847,7.4082,0.12192
193,-0.0857,7.4198,0.12191
194,-0.0866,7.4314,0.1219
195,-0.0875,7.4429,0.12189
196,-0.0885,7.4543,0.12188
197,-0.0894,7.4657,0.12188
198,-0.0904,7.477,0.12187
199,-0.0913,7.4883,0.12186
200,-0.0922,7.4995,0.12185
201,-0.0931,7.5107,0.12184
202,-0.094,7.5219,0.12184
203,-0.095,7.533,0.12183
204,-0.0959,7.544,0.12182
205,-0.0968,7.5551,0.12182
206,-0.0977,7.566,0.12181
207,-0.0986,7.5769,0.12181
208,-0.0995,7.5878,0.1218
209,-0.1003,7.5986,0.1218
210,-0.1012,7.6094,0.12179
211,-0.1021,7.6202,0.12179
212,-0.103,7.6309,0.12179
213,-0.1039,7.6416,0.12178
214,-0.1047,7.6522,0.12178
215,-0.1056,7.6628,0.12178
216,-0.1065,7.6733,0.12177
217,-0.1073,7.6838,0.12177
218,-0.1082,7.6943,0.12177
219,-0.109,7.7047,0.12177
220,-0.1099,7.7151,0.12177
221,-0.1107,7.7254,0.12177
222,-0.1116,7.7357,0.12177
223,-0.1124,7.746,0.12176
224,-0.1132,7.7562,0.12176
225,-0.1141,7.7664,0.12176
226,-0.1149,7.7766,0.12176
227,-0.1157,7.7867,0.12177
228,-0.1165,7.7968,0.12177
229,-0.1173,7.8068,0.12177
230,-0.1181,7.8169,0.12177
231,-0.119,7.8268,0.12177
232,-0.1198,7.8368,0.12177
233,-0.1206,7.8467,0.12177
234,-0.1214,7.8566,0.12178
235,-0.1222,7.8664,0.12178
236,-0.1229,7.8762,0.12178
237,-0.1237,7.886,0.12178
238,-0.1245,7.8957,0.12179
239,-0.1253,7.9054,0.12179
240,-0.1261,7.9151,0.12179
241,-0.1269,7.9247,0.1218
242,-0.1276,7.9343,0.1218
243,-0.1284,7.9439,0.1218
244,-0.1292,7.9534,0.12181
245,-0.1299,7.9629,0.12181
246,-0.1307,7.9724,0.12182
247,-0.1314,7.9819,0.12182
248,-0.1322,7.9913,0.12182
249,-0.1329,8.0007,0.12183
250,-0.1337,8.01,0.12183
251,-0.1344,8.0193,0.12184
252,-0.1352,8.0286,0.12185
253,-0.1359,8.0379,0.12185
254,-0.1367,8.0471,0.12186
255,-0.1374,8.0563,0.12186
256,-0.1381,8.0655,0.12187
257,-0.1388,8.0746,0.12187
258,-0.1396,8.0837,0.12188
259,-0.1403,8.0928,0.12189
260,-0.141,8.1019,0.12189
261,-0.1417,8.1109,0.1219
262,-0.1424,8.1199,0.1219
263,-0.1431,8.1289,0.12191
264,-0.1438,8.1378,0.12192
265,-0.1445,8.1468,0.12192
266,-0.1452,8.1557,0.12193
267,-0.1459,8.1645,0.12194
268,-0.1466,8.1734,0.12194
269,-0.1473,8.1822,0.12195
270,-0.148,8.191,0.12196
271,-0.1487,8.1998,0.12197
272,-0.1494,8.2085,0.12197
273,-0.1501,8.2172,0.12198
274,-0.1507,8.2259,0.12199
275,-0.1514,8.2346,0.12199
276,-0.1521,8.2432,0.122
277,-0.1528,8.2519,0.12201
278,-0.1534,8.2605,0.12202
279,-0.1541,8.269,0.12202
280,-0.1547,8.2776,0.12203
281,-0.1554,8.2861,0.12204
282,-0.1561,8.2946,0.12205
283,-0.1567,8.3031,0.12206
284,-0.1574,8.3116,0.12206
285,-0.158,8.3201,0.12207
286,-0.1587,8.3285,0.12208
287,-0.1593,8.3369,0.12209
288,-0.1599,8.3453,0.12209
289,-0.1606,8.3536,0.1221
290,-0.1612,8.362,0.12211
291,-0.1618,8.3703,0.12212
292,-0.1625,8.3786,0.12213
293,-0.1631,8.3869,0.12213
294,-0.1637,8.3952,0.12214
295,-0.1643,8.4035,0.12215
296,-0.165,8.4117,0.12216
297,-0.1656,8.4199,0.12217
298,-0.1662,8.4281,0.12218
299,-0.1668,8.4363,0.12218
300,-0.1674,8.4445,0.12219
301,-0.168,8.4526,0.1222
302,-0.1686,8.4607,0.12221
303,-0.1692,8.4688,0.12222
304,-0.1698,8.4769,0.12222
305,-0.1704,8.485,0.12223
306,-0.171,8.4931,0.12224
307,-0.1716,8.5011,0.12225
308,-0.1722,8.5092,0.12226
309,-0.1728,8.5172,0.12227
310,-0.1734,8.5252,0.12227
311,-0.174,8.5332,0.12228
312,-0.1745,8.5411,0.12229
313,-0.1751,8.5491,0.1223
314,-0.1757,8.557,0.12231
315,-0.1763,8.565,0.12231
316,-0.1768,8.5729,0.12232
317,-0.1774,8.5808,0.12233
318,-0.178,8.5887,0.12234
319,-0.1785,8.5965,0.12235
320,-0.1791,8.6044,0.12235
321,-0.1797,8.6122,0.12236
322,-0.1802,8.6201,0.12237
323,-0.1808,8.6279,0.12238
324,-0.1813,8.6357,0.12239
325,-0.1819,8.6435,0.12239
326,-0.1824,8.6512,0.1224
327,-0.183,8.659,0.12241
328,-0.1835,8.6667,0.12242
329,-0.1841,8.6745,0.12243
330,-0.1846,8.6822,0.12243
331,-0.1851,8.6899,0.12244
332,-0.1857,8.6976,0.12245
333,-0.1862,8.7053,0.12246
334,-0.1867,8.713,0.12246
335,-0.1873,8.7207,0.12247
336,-0.1878,8.7283,0.12248
337,-0.1883,8.736,0.12249
338,-0.1889,8.7436,0.12249
339,-0.1894,8.7512,0.1225
340,-0.1899,8.7588,0.12251
341,-0.1904,8.7664,0.12252
342,-0.1909,8.774,0.12252
343,-0.1914,8.7816,0.12253
344,-0.192,8.7892,0.12254
345,-0.1925,8.7968,0.12254
346,-0.193,8.8043,0.12255
347,-0.1935,8.8119,0.12256
348,-0.194,8.8194,0.12256
349,-0.1945,8.8269,0.12257
350,-0.195,8.8344,0.12258
351,-0.1955,8.842,0.12259
352,-0.196,8.8495,0.12259
353,-0.1965,8.8569,0.1226
354,-0.197,8.8644,0.12261
355,-0.1974,8.8719,0.12261
356,-0.1979,8.8794,0.12262
357,-0.1984,8.8868,0.12262
358,-0.1989,8.8943,0.12263
359,-0.1994,8.9017,0.12264
360,-0.1999,8.9092,0.12264
361,-0.2003,8.9166,0.12265
362,-0.2008,8.924,0.12266
363,-0.2013,8.9314,0.12266
364,-0.2018,8.9388,0.12267
365,-0.2022,8.9462,0.12267
366,-0.2027,8.9536,0.12268
367,-0.2032,8.961,0.12269
368,-0.2036,8.9684,0.12269
369,-0.2041,8.9757,0.1227
370,-0.2046,8.9831,0.1227
371,-0.205,8.9904,0.12271
372,-0.2055,8.9978,0.12272
373,-0.2059,9.0051,0.12272
374,-0.2064,9.0125,0.12273
375,-0.2068,9.0198,0.12273
376,-0.2073,9.0271,0.12274
377,-0.2077,9.0344,0.12274
378,-0.2082,9.0417,0.12275
379,-0.2086,9.049,0.12275
380,-0.2091,9.0563,0.12276
381,-0.2095,9.0636,0.12276
382,-0.21,9.0709,0.12277
383,-0.2104,9.0782,0.12277
384,-0.2108,9.0854,0.12278
385,-0.2113,9.0927,0.12278
386,-0.2117,9.0999,0.12279
387,-0.2121,9.1072,0.12279
388,-0.2126,9.1144,0.1228
389,-0.213,9.1217,0.1228
390,-0.2134,9.1289,0.12281
391,-0.2139,9.1361,0.12281
392,-0.2143,9.1434,0.12282
393,-0.2147,9.1506,0.12282
394,-0.2151,9.1578,0.12282
395,-0.2155,9.165,0.12283
396,-0.216,9.1722,0.12283
397,-0.2164,9.1794,0.12284
398,-0.2168,9.1866,0.12284
399,-0.2172,9.1938,0.12285
400,-0.2176,9.2009,0.12285
401,-0.218,9.2081,0.12285
402,-0.2184,9.2153,0.12286
403,-0.2188,9.2225,0.12286
404,-0.2192,9.2296,0.12287
405,-0.2196,9.2368,0.12287
406,-0.22,9.2439,0.12287
407,-0.2204,9.2511,0.12288
408,-0.2208,9.2582,0.12288
409,-0.2212,9.2654,0.12288
410,-0.2216,9.2725,0.12289
411,-0.222,9.2796,0.12289
412,-0.2224,9.2867,0.12289
413,-0.2228,9.2939,0.1229
414,-0.2232,9.301,0.1229
415,-0.2236,9.3081,0.1229
416,-0.224,9.3152,0.12291
417,-0.2243,9.3223,0.12291
418,-0.2247,9.3294,0.12291
419,-0.2251,9.3365,0.12292
420,-0.2255,9.3436,0.12292
421,-0.2259,9.3507,0.12292
422,-0.2262,9.3578,0.12292
423,-0.2266,9.3649,0.12293
424,-0.227,9.372,0.12293
425,-0.2274,9.379,0.12293
426,-0.2277,9.3861,0.12294
427,-0.2281,9.3932,0.12294
428,-0.2285,9.4002,0.12294
429,-0.2288,9.4073,0.12294
430,-0.2292,9.4144,0.12295
431,-0.2296,9.4214,0.12295
432,-0.2299,9.4285,0.12295
433,-0.2303,9.4355,0.12295
434,-0.2307,9.4426,0.12295
435,-0.231,9.4496,0.12296
436,-0.2314,9.4567,0.12296
437,-0.2317,9.4637,0.12296
438,-0.2321,9.4707,0.12296
439,-0.2324,9.4778,0.12296
440,-0.2328,9.4848,0.12297
441,-0.2331,9.4918,0.12297
442,-0.2335,9.4988,0.12297
443,-0.2338,9.5058,0.12297
444,-0.2342,9.5129,0.12297
445,-0.2345,9.5199,0.12298
446,-0.2349,9.5269,0.12298
447,-0.2352,9.5339,0.12298
448,-0.2355,9.5409,0.12298
449,-0.2359,9.5479,0.12298
450,-0.2362,9.5549,0.12298
451,-0.2366,9.5619,0.12299
452,-0.2369,9.5689,0.12299
453,-0.2372,9.5759,0.12299
454,-0.2376,9.5829,0.12299
455,-0.2379,9.5898,0.12299
456,-0.2382,9.5968,0.12299
457,-0.2385,9.6038,0.12299
458,-0.2389,9.6108,0.123
459,-0.2392,9.6178,0.123
460,-0.2395,9.6247,0.123
461,-0.2398,9.6317,0.123
462,-0.2402,9.6387,0.123
463,-0.2405,9.6457,0.123
464,-0.2408,9.6526,0.123
465,-0.2411,9.6596,0.123
466,-0.2414,9.6665,0.12301
467,-0.2418,9.6735,0.12301
468,-0.2421,9.6805,0.12301
469,-0.2424,9.6874,0.12301
470,-0.2427,9.6944,0.12301
471,-0.243,9.7013,0.12301
472,-0.2433,9.7083,0.12301
473,-0.2436,9.7152,0.12301
474,-0.2439,9.7222,0.12301
475,-0.2442,9.7291,0.12302
476,-0.2446,9.7361,0.12302
477,-0.2449,9.743,0.12302
478,-0.2452,9.75,0.12302
479,-0.2455,9.7569,0.12302
480,-0.2458,9.7638,0.12302
481,-0.2461,9.7708,0.12302
482,-0.2464,9.7777,0.12302
483,-0.2467,9.7846,0.12302
484,-0.247,9.7916,0.12302
485,-0.2472,9.7985,0.12303
486,-0.2475,9.8054,0.12303
487,-0.2478,9.8124,0.12303
488,-0.2481,9.8193,0.12303
489,-0.2484,9.8262,0.12303
490,-0.2487,9.8331,0.12303
491,-0.249,9.8401,0.12303
492,-0.2493,9.847,0.12303
493,-0.2496,9.8539,0.12303
494,-0.2499,9.8608,0.12303
495,-0.2501,9.8677,0.12303
496,-0.2504,9.8746,0.12304
497,-0.2507,9.8816,0.12304
498,-0.251,9.8885,0.12304
499,-0.2513,9.8954,0.12304
500,-0.2515,9.9023,0.12304
501,-0.2518,9.9092,0.12304
502,-0.2521,9.9161,0.12304
503,-0.2524,9.923,0.12304
504,-0.2526,9.9299,0.12304
505,-0.2529,9.9368,0.12304
506,-0.2532,9.9437,0.12304
507,-0.2535,9.9506,0.12305
508,-0.2537,9.9575,0.12305
509,-0.254,9.9644,0.12305
510,-0.2543,9.9713,0.12305
511,-0.2545,9.9782,0.12305
512,-0.2548,9.9851,0.12305
513,-0.2551,9.992,0.12305
514,-0.2553,9.9989,0.12305
515,-0.2556,10.0058,0.12305
516,-0.2558,10.0127,0.12305
517,-0.2561,10.0196,0.12305
518,-0.2564,10.0265,0.12306
519,-0.2566,10.0334,0.12306
520,-0.2569,10.0402,0.12306
521,-0.2571,10.0471,0.12306
522,-0.2574,10.054,0.12306
523,-0.2577,10.0609,0.12306
524,-0.2579,10.0678,0.12306
525,-0.2582,10.0746,0.12306
526,-0.2584,10.0815,0.12306
527,-0.2587,10.0884,0.12307
528,-0.2589,10.0953,0.12307
529,-0.2592,10.1021,0.12307
530,-0.2594,10.109,0.12307
531,-0.2597,10.1159,0.12307
532,-0.2599,10.1227,0.12307
533,-0.2601,10.1296,0.12307
534,-0.2604,10.1365,0.12307
535,-0.2606,10.1433,0.12308
536,-0.2609,10.1502,0.12308
537,-0.2611,10.157,0.12308
538,-0.2614,10.1639,0.12308
539,-0.2616,10.1707,0.12308
540,-0.2618,10.1776,0.12308
541,-0.2621,10.1845,0.12308
542,-0.2623,10.1913,0.12309
543,-0.2625,10.1982,0.12309
544,-0.2628,10.205,0.12309
545,-0.263,10.2119,0.12309
546,-0.2632,10.2187,0.12309
547,-0.2635,10.2255,0.12309
548,-0.2637,10.2324,0.12309
549,-0.2639,10.2392,0.1231
550,-0.2642,10.2461,0.1231
551,-0.2644,10.2529,0.1231
552,-0.2646,10.2597,0.1231
553,-0.2649,10.2666,0.1231
554,-0.2651,10.2734,0.1231
555,-0.2653,10.2803,0.12311
556,-0.2655,10.2871,0.12311
557,-0.2658,10.2939,0.12311
558,-0.266,10.3008,0.12311
559,-0.2662,10.3076,0.12311
560,-0.2664,10.3144,0.12311
561,-0.2666,10.3213,0.12312
562,-0.2669,10.3281,0.12312
563,-0.2671,10.3349,0.12312
564,-0.2673,10.3417,0.12312
565,-0.2675,10.3486,0.12312
566,-0.2677,10.3554,0.12313
567,-0.2679,10.3622,0.12313
568,-0.2682,10.369,0.12313
569,-0.2684,10.3759,0.12313
570,-0.2686,10.3827,0.12313
571,-0.2688,10.3895,0.12314
572,-0.269,10.3963,0.12314
573,-0.2692,10.4031,0.12314
574,-0.2694,10.41,0.12314
575,-0.2696,10.4168,0.12314
576,-0.2698,10.4236,0.12315
577,-0.27,10.4304,0.12315
578,-0.2702,10.4372,0.12315
579,-0.2705,10.444,0.12315
580,-0.2707,10.4508,0.12316
581,-0.2709,10.4577,0.12316
582,-0.2711,10.4645,0.12316
583,-0.2713,10.4713,0.12316
584,-0.2715,10.4781,0.12316
585,-0.2717,10.4849,0.12317
586,-0.2719,10.4917,0.12317
587,-0.2721,10.4985,0.12317
588,-0.2723,10.5053,0.12317
589,-0.2725,10.5121,0.12318
590,-0.2727,10.5189,0.12318
591,-0.2729,10.5257,0.12318
592,-0.273,10.5325,0.12319
593,-0.2732,10.5393,0.12319
594,-0.2734,10.5461,0.12319
595,-0.2736,10.5529,0.12319
596,-0.2738,10.5597,0.1232
597,-0.274,10.5665,0.1232
598,-0.2742,10.5733,0.1232
599,-0.2744,10.5801,0.1232
600,-0.2746,10.5869,0.12321
601,-0.2748,10.5937,0.12321
602,-0.275,10.6005,0.12321
603,-0.2751,10.6073,0.12322
604,-0.2753,10.6141,0.12322
605,-0.2755,10.6209,0.12322
606,-0.2757,10.6277,0.12323
607,-0.2759,10.6345,0.12323
608,-0.2761,10.6413,0.12323
609,-0.2763,10.6481,0.12324
610,-0.2764,10.6549,0.12324
611,-0.2766,10.6617,0.12324
612,-0.2768,10.6685,0.12325
613,-0.277,10.6753,0.12325
614,-0.2772,10.6821,0.12325
615,-0.2773,10.6889,0.12326
616,-0.2775,10.6957,0.12326
617,-0.2777,10.7025,0.12326
618,-0.2779,10.7093,0.12327
619,-0.278,10.7161,0.12327
620,-0.2782,10.7229,0.12327
621,-0.2784,10.7297,0.12328
622,-0.2786,10.7365,0.12328
623,-0.2787,10.7433,0.12328
624,-0.2789,10.7501,0.12329
625,-0.2791,10.7569,0.12329
626,-0.2793,10.7637,0.1233
627,-0.2794,10.7705,0.1233
628,-0.2796,10.7773,0.1233
629,-0.2798,10.7841,0.12331
630,-0.2799,10.7909,0.12331
631,-0.2801,10.7977,0.12332
632,-0.2803,10.8045,0.12332
633,-0.2804,10.8113,0.12332
634,-0.2806,10.8181,0.12333
635,-0.2808,10.8249,0.12333
636,-0.2809,10.8317,0.12334
637,-0.2811,10.8385,0.12334
638,-0.2813,10.8453,0.12335
639,-0.2814,10.8521,0.12335
640,-0.2816,10.8589,0.12336
641,-0.2818,10.8657,0.12336
642,-0.2819,10.8725,0.12336
643,-0.2821,10.8793,0.12337
644,-0.2822,10.8861,0.12337
645,-0.2824,10.8929,0.12338
646,-0.2826,10.8997,0.12338
647,-0.2827,10.9065,0.12339
648,-0.2829,10.9133,0.12339
649,-0.283,10.9202,0.1234
650,-0.2832,10.927,0.1234
651,-0.2834,10.9338,0.12341
652,-0.2835,10.9406,0.12341
653,-0.2837,10.9474,0.12342
654,-0.2838,10.9542,0.12342
655,-0.284,10.961,0.12343
656,-0.2841,10.9679,0.12343
657,-0.2843,10.9747,0.12344
658,-0.2844,10.9815,0.12344
659,-0.2846,10.9883,0.12345
660,-0.2847,10.9951,0.12345
661,-0.2849,11.0019,0.12346
662,-0.285,11.0088,0.12346
663,-0.2852,11.0156,0.12347
664,-0.2853,11.0224,0.12347
665,-0.2855,11.0292,0.12348
666,-0.2856,11.036,0.12348
667,-0.2858,11.0429,0.12349
668,-0.2859,11.0497,0.1235
669,-0.2861,11.0565,0.1235
670,-0.2862,11.0633,0.12351
671,-0.2864,11.0702,0.12351
672,-0.2865,11.077,0.12352
673,-0.2866,11.0838,0.12352
674,-0.2868,11.0906,0.12353
675,-0.2869,11.0975,0.12353
676,-0.2871,11.1043,0.12354
677,-0.2872,11.1111,0.12355
678,-0.2874,11.118,0.12355
679,-0.2875,11.1248,0.12356
680,-0.2876,11.1316,0.12356
681,-0.2878,11.1384,0.12357
682,-0.2879,11.1453,0.12358
683,-0.2881,11.1521,0.12358
684,-0.2882,11.1589,0.12359
685,-0.2883,11.1658,0.12359
686,-0.2885,11.1726,0.1236
687,-0.2886,11.1795,0.12361
688,-0.2887,11.1863,0.12361
689,-0.2889,11.1931,0.12362
690,-0.289,11.2,0.12362
691,-0.2891,11.2068,0.12363
692,-0.2893,11.2137,0.12364
693,-0.2894,11.2205,0.12364
694,-0.2895,11.2273,0.12365
695,-0.2897,11.2342,0.12366
696,-0.2898,11.241,0.12366
697,-0.2899,11.2479,0.12367
698,-0.2901,11.2547,0.12367
699,-0.2902,11.2616,0.12368
700,-0.2903,11.2684,0.12369
701,-0.2905,11.2753,0.12369
702,-0.2906,11.2821,0.1237
703,-0.2907,11.2889,0.12371
704,-0.2909,11.2958,0.12371
705,-0.291,11.3026,0.12372
706,-0.2911,11.3095,0.12373
707,-0.2912,11.3163,0.12373
708,-0.2914,11.3232,0.12374
709,-0.2915,11.33,0.12375
710,-0.2916,11.3369,0.12375
711,-0.2917,11.3438,0.12376
712,-0.2919,11.3506,0.12377
713,-0.292,11.3575,0.12377
714,-0.2921,11.3643,0.12378
715,-0.2922,11.3712,0.12379
716,-0.2924,11.378,0.12379
717,-0.2925,11.3849,0.1238
718,-0.2926,11.3917,0.12381
719,-0.2927,11.3986,0.12382
720,-0.2928,11.4055,0.12382
721,-0.293,11.4123,0.12383
722,-0.2931,11.4192,0.12384
723,-0.2932,11.426,0.12384
724,-0.2933,11.4329,0.12385
725,-0.2934,11.4397,0.12386
726,-0.2936,11.4466,0.12387
727,-0.2937,11.4535,0.12387
728,-0.2938,11.4603,0.12388
729,-0.2939,11.4672,0.12389
730,-0.294,11.4741,0.12389
731,-0.2942,11.4809,0.1239
732,-0.2943,11.4878,0.12391
733,-0.2944,11.4946,0.12392
734,-0.2945,11.5015,0.12392
735,-0.2946,11.5084,0.12393
736,-0.2947,11.5152,0.12394
737,-0.2948,11.5221,0.12395
738,-0.295,11.529,0.12395
739,-0.2951,11.5358,0.12396
740,-0.2952,11.5427,0.12397
741,-0.2953,11.5496,0.12398
742,-0.2954,11.5564,0.12399
743,-0.2955,11.5633,0.12399
744,-0.2956,11.5702,0.124
745,-0.2957,11.577,0.12401
746,-0.2959,11.5839,0.12402
747,-0.296,11.5907,0.12402
748,-0.2961,11.5976,0.12403
749,-0.2962,11.6045,0.12404
750,-0.2963,11.6113,0.12405
751,-0.2964,11.6182,0.12406
752,-0.2965,11.6251,0.12406
753,-0.2966,11.6319,0.12407
754,-0.2967,11.6388,0.12408
755,-0.2968,11.6456,0.12409
756,-0.2969,11.6525,0.1241
757,-0.297,11.6594,0.1241
758,-0.2972,11.6662,0.12411
759,-0.2973,11.6731,0.12412
760,-0.2974,11.6799,0.12413
761,-0.2975,11.6868,0.12414
762,-0.2976,11.6937,0.12415
763,-0.2977,11.7005,0.12415
764,-0.2978,11.7074,0.12416
765,-0.2979,11.7142,0.12417
766,-0.298,11.7211,0.12418
767,-0.2981,11.7279,0.12419
768,-0.2982,11.7348,0.1242
769,-0.2983,11.7416,0.12421
770,-0.2984,11.7485,0.12421
771,-0.2985,11.7553,0.12422
772,-0.2986,11.7622,0.12423
773,-0.2987,11.769,0.12424
774,-0.2988,11.7759,0.12425
775,-0.2989,11.7827,0.12426
776,-0.299,11.7896,0.12427
777,-0.2991,11.7964,0.12428
778,-0.2992,11.8033,0.12429
779,-0.2993,11.8101,0.12429
780,-0.2994,11.817,0.1243
781,-0.2995,11.8238,0.12431
782,-0.2996,11.8307,0.12432
783,-0.2997,11.8375,0.12433
784,-0.2998,11.8443,0.12434
785,-0.2999,11.8512,0.12435
786,-0.3,11.858,0.12436
787,-0.3001,11.8648,0.12437
788,-0.3002,11.8717,0.12438
789,-0.3003,11.8785,0.12439
790,-0.3004,11.8853,0.1244
791,-0.3005,11.8922,0.12441
792,-0.3006,11.899,0.12441
793,-0.3007,11.9058,0.12442
794,-0.3007,11.9126,0.12443
795,-0.3008,11.9194,0.12444
796,-0.3009,11.9263,0.12445
797,-0.301,11.9331,0.12446
798,-0.3011,11.9399,0.12447
799,-0.3012,11.9467,0.12448
800,-0.3013,11.9535,0.12449
801,-0.3014,11.9603,0.1245
802,-0.3015,11.9671,0.12451
803,-0.3016,11.9739,0.12452
804,-0.3017,11.9808,0.12453
805,-0.3018,11.9876,0.12454
806,-0.3019,11.9944,0.12455
807,-0.3019,12.0011,0.12456
808,-0.302,12.0079,0.12457
809,-0.3021,12.0147,0.12458
810,-0.3022,12.0215,0.12459
811,-0.3023,12.0283,0.1246
812,-0.3024,12.0351,0.12461
813,-0.3025,12.0419,0.12462
814,-0.3026,12.0487,0.12463
815,-0.3027,12.0554,0.12465
816,-0.3027,12.0622,0.12466
817,-0.3028,12.069,0.12467
818,-0.3029,12.0758,0.12468
819,-0.303,12.0825,0.12469
820,-0.3031,12.0893,0.1247
821,-0.3032,12.0961,0.12471
822,-0.3033,12.1028,0.12472
823,-0.3033,12.1096,0.12473
824,-0.3034,12.1163,0.12474
825,-0.3035,12.1231,0.12475
826,-0.3036,12.1298,0.12476
827,-0.3037,12.1366,0.12477
828,-0.3038,12.1433,0.12479
829,-0.3039,12.15,0.1248
830,-0.3039,12.1568,0.12481
831,-0.304,12.1635,0.12482
832,-0.3041,12.1702,0.12483
833,-0.3042,12.177,0.12484
834,-0.3043,12.1837,0.12485
835,-0.3044,12.1904,0.12486
836,-0.3044,12.1971,0.12487
837,-0.3045,12.2039,0.12489
838,-0.3046,12.2106,0.1249
839,-0.3047,12.2173,0.12491
840,-0.3048,12.224,0.12492
841,-0.3048,12.2307,0.12493
842,-0.3049,12.2374,0.12494
843,-0.305,12.2441,0.12495
844,-0.3051,12.2508,0.12497
845,-0.3052,12.2575,0.12498
846,-0.3052,12.2642,0.12499
847,-0.3053,12.2709,0.125
848,-0.3054,12.2775,0.12501
849,-0.3055,12.2842,0.12503
850,-0.3056,12.2909,0.12504
851,-0.3056,12.2976,0.12505
852,-0.3057,12.3042,0.12506
853,-0.3058,12.3109,0.12507
854,-0.3059,12.3176,0.12509
855,-0.3059,12.3242,0.1251
856,-0.306,12.3309,0.12511
857,-0.3061,12.3375,0.12512
858,-0.3062,12.3442,0.12513
859,-0.3063,12.3508,0.12515
860,-0.3063,12.3575,0.12516
861,-0.3064,12.3641,0.12517
862,-0.3065,12.3707,0.12518
863,-0.3066,12.3774,0.1252
864,-0.3066,12.384,0.12521
865,-0.3067,12.3906,0.12522
866,-0.3068,12.3973,0.12523
867,-0.3069,12.4039,0.12525
868,-0.3069,12.4105,0.12526
869,-0.307,12.4171,0.12527
870,-0.3071,12.4237,0.12528
871,-0.3072,12.4303,0.1253
872,-0.3072,12.4369,0.12531
873,-0.3073,12.4435,0.12532
874,-0.3074,12.4501,0.12533
875,-0.3074,12.4567,0.12535
876,-0.3075,12.4633,0.12536
877,-0.3076,12.4699,0.12537
878,-0.3077,12.4765,0.12539
879,-0.3077,12.4831,0.1254
880,-0.3078,12.4896,0.12541
881,-0.3079,12.4962,0.12543
882,-0.308,12.5028,0.12544
883,-0.308,12.5093,0.12545
884,-0.3081,12.5159,0.12547
885,-0.3082,12.5225,0.12548
886,-0.3082,12.529,0.12549
887,-0.3083,12.5356,0.12551
888,-0.3084,12.5421,0.12552
889,-0.3085,12.5487,0.12553
890,-0.3085,12.5552,0.12555
891,-0.3086,12.5617,0.12556
892,-0.3087,12.5683,0.12557
893,-0.3087,12.5748,0.12559
894,-0.3088,12.5813,0.1256
895,-0.3089,12.5879,0.12561
896,-0.3089,12.5944,0.12563
897,-0.309,12.6009,0.12564
898,-0.3091,12.6074,0.12566
899,-0.3091,12.6139,0.12567
900,-0.3092,12.6204,0.12568
901,-0.3093,12.6269,0.1257
902,-0.3093,12.6334,0.12571
903,-0.3094,12.6399,0.12573
904,-0.3095,12.6464,0.12574
905,-0.3095,12.6529,0.12575
906,-0.3096,12.6594,0.12577
907,-0.3097,12.6659,0.12578
908,-0.3097,12.6723,0.1258
909,-0.3098,12.6788,0.12581
910,-0.3099,12.6853,0.12583
911,-0.3099,12.6918,0.12584
912,-0.31,12.6982,0.12585
913,-0.3101,12.7047,0.12587
914,-0.3101,12.7111,0.12588
915,-0.3102,12.7176,0.1259
916,-0.3103,12.724,0.12591
917,-0.3103,12.7305,0.12593
918,-0.3104,12.7369,0.12594
919,-0.3105,12.7434,0.12596
920,-0.3105,12.7498,0.12597
921,-0.3106,12.7563,0.12599
922,-0.3107,12.7627,0.126
923,-0.3107,12.7691,0.12602
924,-0.3108,12.7755,0.12603
925,-0.3109,12.782,0.12605
926,-0.3109,12.7884,0.12606
927,-0.311,12.7948,0.12608
928,-0.311,12.8012,0.12609
929,-0.3111,12.8076,0.12611
930,-0.3112,12.814,0.12612
931,-0.3112,12.8204,0.12614
932,-0.3113,12.8268,0.12615
933,-0.3114,12.8332,0.12617
934,-0.3114,12.8396,0.12618
935,-0.3115,12.846,0.1262
936,-0.3116,12.8524,0.12621
937,-0.3116,12.8588,0.12623
938,-0.3117,12.8651,0.12625
939,-0.3117,12.8715,0.12626
940,-0.3118,12.8779,0.12628
941,-0.3119,12.8843,0.12629
942,-0.3119,12.8906,0.12631
943,-0.312,12.897,0.12632
944,-0.312,12.9033,0.12634
945,-0.3121,12.9097,0.12636
946,-0.3122,12.9161,0.12637
947,-0.3122,12.9224,0.12639
948,-0.3123,12.9288,0.1264
949,-0.3123,12.9351,0.12642
950,-0.3124,12.9415,0.12644
951,-0.3125,12.9478,0.12645
952,-0.3125,12.9541,0.12647
953,-0.3126,12.9605,0.12648
954,-0.3126,12.9668,0.1265
955,-0.3127,12.9732,0.12652
956,-0.3128,12.9795,0.12653
957,-0.3128,12.9858,0.12655
958,-0.3129,12.9921,0.12656
959,-0.3129,12.9985,0.12658
960,-0.313,13.0048,0.1266
961,-0.3131,13.0111,0.12661
962,-0.3131,13.0174,0.12663
963,-0.3132,13.0237,0.12665
964,-0.3132,13.03,0.12666
965,-0.3133,13.0363,0.12668
966,-0.3134,13.0427,0.1267
967,-0.3134,13.049,0.12671
968,-0.3135,13.0553,0.12673
969,-0.3135,13.0616,0.12675
970,-0.3136,13.0679,0.12676
971,-0.3136,13.0742,0.12678
972,-0.3137,13.0804,0.1268
973,-0.3138,13.0867,0.12681
974,-0.3138,13.093,0.12683
975,-0.3139,13.0993,0.12685
976,-0.3139,13.1056,0.12687
977,-0.314,13.1119,0.12688
978,-0.314,13.1182,0.1269
979,-0.3141,13.1245,0.12692
980,-0.3142,13.1307,0.12693
981,-0.3142,13.137,0.12695
982,-0.3143,13.1433,0.12697
983,-0.3143,13.1496,0.12699
984,-0.3144,13.1558,0.127
985,-0.3144,13.1621,0.12702
986,-0.3145,13.1684,0.12704
987,-0.3145,13.1746,0.12706
988,-0.3146,13.1809,0.12707
989,-0.3147,13.1872,0.12709
990,-0.3147,13.1934,0.12711
991,-0.3148,13.1997,0.12713
992,-0.3148,13.2059,0.12714
993,-0.3149,13.2122,0.12716
994,-0.3149,13.2185,0.12718
995,-0.315,13.2247,0.1272
996,-0.315,13.231,0.12721
997,-0.3151,13.2372,0.12723
998,-0.3152,13.2435,0.12725
999,-0.3152,13.2497,0.12727
1000,-0.3153,13.256,0.12729
1001,-0.3153,13.2622,0.1273
1002,-0.3154,13.2684,0.12732
1003,-0.3154,13.2747,0.12734
1004,-0.3155,13.2809,0.12736
1005,-0.3155,13.2872,0.12738
1006,-0.3156,13.2934,0.12739
1007,-0.3156,13.2996,0.12741
1008,-0.3157,13.3059,0.12743
1009,-0.3158,13.3121,0.12745
1010,-0.3158,13.3183,0.12747
1011,-0.3159,13.3246,0.12749
1012,-0.3159,13.3308,0.1275
1013,-0.316,13.337,0.12752
1014,-0.316,13.3433,0.12754
1015,-0.3161,13.3495,0.12756
1016,-0.3161,13.3557,0.12758
1017,-0.3162,13.3619,0.1276
1018,-0.3162,13.3682,0.12762
1019,-0.3163,13.3744,0.12763
1020,-0.3163,13.3806,0.12765
1021,-0.3164,13.3868,0.12767
1022,-0.3164,13.3931,0.12769
1023,-0.3165,13.3993,0.12771
1024,-0.3165,13.4055,0.12773
1025,-0.3166,13.4117,0.12775
1026,-0.3167,13.4179,0.12777
1027,-0.3167,13.4242,0.12779
1028,-0.3168,13.4304,0.12781
1029,-0.3168,13.4366,0.12782
1030,-0.3169,13.4428,0.12784
1031,-0.3169,13.449,0.12786
1032,-0.317,13.4552,0.12788
1033,-0.317,13.4614,0.1279
1034,-0.3171,13.4677,0.12792
1035,-0.3171,13.4739,0.12794
1036,-0.3172,13.4801,0.12796
1037,-0.3172,13.4863,0.12798
1038,-0.3173,13.4925,0.128
1039,-0.3173,13.4987,0.12802
1040,-0.3174,13.5049,0.12804
1041,-0.3174,13.5111,0.12806
1042,-0.3175,13.5173,0.12808
1043,-0.3175,13.5235,0.1281
1044,-0.3176,13.5297,0.12812
1045,-0.3176,13.5359,0.12814
1046,-0.3177,13.5421,0.12816
1047,-0.3177,13.5483,0.12818
1048,-0.3178,13.5545,0.12819
1049,-0.3178,13.5607,0.12821
1050,-0.3179,13.5669,0.12823
1051,-0.3179,13.5731,0.12825
1052,-0.318,13.5793,0.12827
1053,-0.318,13.5855,0.12829
1054,-0.3181,13.5917,0.12832
1055,-0.3181,13.5979,0.12834
1056,-0.3182,13.6041,0.12836
1057,-0.3182,13.6103,0.12838
1058,-0.3183,13.6165,0.1284
1059,-0.3183,13.6227,0.12842
1060,-0.3184,13.6289,0.12844
1061,-0.3184,13.6351,0.12846
1062,-0.3185,13.6413,0.12848
1063,-0.3185,13.6475,0.1285
1064,-0.3186,13.6537,0.12852
1065,-0.3186,13.6599,0.12854
1066,-0.3187,13.6661,0.12856
1067,-0.3187,13.6723,0.12858
1068,-0.3188,13.6785,0.1286
1069,-0.3188,13.6847,0.12862
1070,-0.3189,13.6909,0.12864
1071,-0.3189,13.6971,0.12866
1072,-0.319,13.7033,0.12868
1073,-0.319,13.7095,0.12871
1074,-0.3191,13.7157,0.12873
1075,-0.3191,13.7218,0.12875
1076,-0.3192,13.728,0.12877
1077,-0.3192,13.7342,0.12879
1078,-0.3193,13.7404,0.12881
1079,-0.3193,13.7466,0.12883
1080,-0.3194,13.7528,0.12885
1081,-0.3194,13.759,0.12887
1082,-0.3195,13.7652,0.1289
1083,-0.3195,13.7714,0.12892
1084,-0.3196,13.7776,0.12894
1085,-0.3196,13.7838,0.12896
1086,-0.3197,13.7899,0.12898
1087,-0.3197,13.7961,0.129
1088,-0.3198,13.8023,0.12902
1089,-0.3198,13.8085,0.12905
1090,-0.3198,13.8147,0.12907
1091,-0.3199,13.8209,0.12909
1092,-0.3199,13.8271,0.12911
1093,-0.32,13.8333,0.12913
1094,-0.32,13.8395,0.12915
1095,-0.3201,13.8456,0.12918
1096,-0.3201,13.8518,0.1292
1097,-0.3202,13.858,0.12922
1098,-0.3202,13.8642,0.12924
1099,-0.3203,13.8704,0.12926
1100,-0.3203,13.8766,0.12929
1101,-0.3204,13.8828,0.12931
1102,-0.3204,13.8889,0.12933
1103,-0.3205,13.8951,0.12935
1104,-0.3205,13.9013,0.12937
1105,-0.3206,13.9075,0.1294
1106,-0.3206,13.9137,0.12942
1107,-0.3207,13.9199,0.12944
1108,-0.3207,13.9261,0.12946
1109,-0.3208,13.9322,0.12948
1110,-0.3208,13.9384,0.12951
1111,-0.3208,13.9446,0.12953
1112,-0.3209,13.9508,0.12955
1113,-0.3209,13.957,0.12957
1114,-0.321,13.9632,0.1296
1115,-0.321,13.9693,0.12962
1116,-0.3211,13.9755,0.12964
1117,-0.3211,13.9817,0.12967
1118,-0.3212,13.9879,0.12969
1119,-0.3212,13.9941,0.12971
1120,-0.3213,14.0003,0.12973
1121,-0.3213,14.0064,0.12976
1122,-0.3214,14.0126,0.12978
1123,-0.3214,14.0188,0.1298
1124,-0.3215,14.025,0.12982
1125,-0.3215,14.0312,0.12985
1126,-0.3216,14.0373,0.12987
1127,-0.3216,14.0435,0.12989
1128,-0.3216,14.0497,0.12992
1129,-0.3217,14.0559,0.12994
1130,-0.3217,14.0621,0.12996
1131,-0.3218,14.0682,0.12999
1132,-0.3218,14.0744,0.13001
1133,-0.3219,14.0806,0.13003
1134,-0.3219,14.0868,0.13006
1135,-0.322,14.093,0.13008
1136,-0.322,14.0991,0.1301
1137,-0.3221,14.1053,0.13013
1138,-0.3221,14.1115,0.13015
1139,-0.3222,14.1177,0.13017
1140,-0.3222,14.1238,0.1302
1141,-0.3222,14.13,0.13022
1142,-0.3223,14.1362,0.13024
1143,-0.3223,14.1424,0.13027
1144,-0.3224,14.1485,0.13029
1145,-0.3224,14.1547,0.13032
1146,-0.3225,14.1609,0.13034
1147,-0.3225,14.1671,0.13036
1148,-0.3226,14.1732,0.13039
1149,-0.3226,14.1794,0.13041
1150,-0.3227,14.1856,0.13043
1151,-0.3227,14.1917,0.13046
1152,-0.3227,14.1979,0.13048
1153,-0.3228,14.2041,0.13051
1154,-0.3228,14.2103,0.13053
1155,-0.3229,14.2164,0.13055
1156,-0.3229,14.2226,0.13058
1157,-0.323,14.2288,0.1306
1158,-0.323,14.2349,0.13063
1159,-0.3231,14.2411,0.13065
1160,-0.3231,14.2473,0.13068
1161,-0.3232,14.2534,0.1307
1162,-0.3232,14.2596,0.13072
1163,-0.3232,14.2658,0.13075
1164,-0.3233,14.2719,0.13077
1165,-0.3233,14.2781,0.1308
1166,-0.3234,14.2843,0.13082
1167,-0.3234,14.2904,0.13085
1168,-0.3235,14.2966,0.13087
1169,-0.3235,14.3028,0.1309
1170,-0.3236,14.3089,0.13092
1171,-0.3236,14.3151,0.13095
1172,-0.3237,14.3213,0.13097
1173,-0.3237,14.3274,0.13099
1174,-0.3237,14.3336,0.13102
1175,-0.3238,14.3397,0.13104
1176,-0.3238,14.3459,0.13107
1177,-0.3239,14.3521,0.13109
1178,-0.3239,14.3582,0.13112
1179,-0.324,14.3644,0.13114
1180,-0.324,14.3705,0.13117
1181,-0.3241,14.3767,0.13119
1182,-0.3241,14.3829,0.13122
1183,-0.3241,14.389,0.13124
1184,-0.3242,14.3952,0.13127
1185,-0.3242,14.4013,0.13129
1186,-0.3243,14.4075,0.13132
1187,-0.3243,14.4136,0.13134
1188,-0.3244,14.4198,0.13137
1189,-0.3244,14.4259,0.1314
1190,-0.3245,14.4321,0.13142
1191,-0.3245,14.4382,0.13145
1192,-0.3245,14.4444,0.13147
1193,-0.3246,14.4505,0.1315
1194,-0.3246,14.4567,0.13152
1195,-0.3247,14.4628,0.13155
1196,-0.3247,14.469,0.13157
1197,-0.3248,14.4751,0.1316
1198,-0.3248,14.4813,0.13162
1199,-0.3249,14.4874,0.13165
1200,-0.3249,14.4936,0.13167
1201,-0.3249,14.4997,0.1317
1202,-0.325,14.5059,0.13173
1203,-0.325,14.512,0.13175
1204,-0.3251,14.5181,0.13178
1205,-0.3251,14.5243,0.1318
1206,-0.3252,14.5304,0.13183
1207,-0.3252,14.5366,0.13185
1208,-0.3253,14.5427,0.13188
1209,-0.3253,14.5488,0.13191
1210,-0.3253,14.555,0.13193
1211,-0.3254,14.5611,0.13196
1212,-0.3254,14.5673,0.13198
1213,-0.3255,14.5734,0.13201
1214,-0.3255,14.5795,0.13204
1215,-0.3256,14.5857,0.13206
1216,-0.3256,14.5918,0.13209
1217,-0.3257,14.5979,0.13211
1218,-0.3257,14.6041,0.13214
1219,-0.3257,14.6102,0.13217
1220,-0.3258,14.6163,0.13219
1221,-0.3258,14.6225,0.13222
1222,-0.3259,14.6286,0.13225
1223,-0.3259,14.6347,0.13227
1224,-0.326,14.6408,0.1323
1225,-0.326,14.647,0.13232
1226,-0.3261,14.6531,0.13235
1227,-0.3261,14.6592,0.13238
1228,-0.3261,14.6653,0.1324
1229,-0.3262,14.6715,0.13243
1230,-0.3262,14.6776,0.13246
1231,-0.3263,14.6837,0.13248
1232,-0.3263,14.6898,0.13251
1233,-0.3264,14.696,0.13254
1234,-0.3264,14.7021,0.13256
1235,-0.3264,14.7082,0.13259
1236,-0.3265,14.7143,0.13262
1237,-0.3265,14.7204,0.13264
1238,-0.3266,14.7265,0.13267
1239,-0.3266,14.7327,0.13269
1240,-0.3267,14.7388,0.13272
1241,-0.3267,14.7449,0.13275
1242,-0.3268,14.751,0.13278
1243,-0.3268,14.7571,0.1328
1244,-0.3268,14.7632,0.13283
1245,-0.3269,14.7693,0.13286
1246,-0.3269,14.7754,0.13288
1247,-0.327,14.7816,0.13291
1248,-0.327,14.7877,0.13294
1249,-0.3271,14.7938,0.13296
1250,-0.3271,14.7999,0.13299
1251,-0.3271,14.806,0.13302
1252,-0.3272,14.8121,0.13304
1253,-0.3272,14.8182,0.13307
1254,-0.3273,14.8243,0.1331
1255,-0.3273,14.8304,0.13312
1256,-0.3274,14.8365,0.13315
1257,-0.3274,14.8426,0.13318
1258,-0.3274,14.8487,0.13321
1259,-0.3275,14.8548,0.13323
1260,-0.3275,14.8609,0.13326
1261,-0.3276,14.867,0.13329
1262,-0.3276,14.8731,0.13331
1263,-0.3277,14.8792,0.13334
1264,-0.3277,14.8853,0.13337
1265,-0.3278,14.8913,0.13339
1266,-0.3278,14.8974,0.13342
1267,-0.3278,14.9035,0.13345
1268,-0.3279,14.9096,0.13348
1269,-0.3279,14.9157,0.1335
1270,-0.328,14.9218,0.13353
1271,-0.328,14.9279,0.13356
1272,-0.3281,14.934,0.13359
1273,-0.3281,14.94,0.13361
1274,-0.3281,14.9461,0.13364
1275,-0.3282,14.9522,0.13367
1276,-0.3282,14.9583,0.13369
1277,-0.3283,14.9644,0.13372
1278,-0.3283,14.9704,0.13375
1279,-0.3284,14.9765,0.13378
1280,-0.3284,14.9826,0.1338
1281,-0.3284,14.9887,0.13383
1282,-0.3285,14.9948,0.13386
1283,-0.3285,15.0008,0.13389
1284,-0.3286,15.0069,0.13391
1285,-0.3286,15.013,0.13394
1286,-0.3287,15.019,0.13397
1287,-0.3287,15.0251,0.134
1288,-0.3287,15.0312,0.13402
1289,-0.3288,15.0373,0.13405
1290,-0.3288,15.0433,0.13408
1291,-0.3289,15.0494,0.13411
1292,-0.3289,15.0555,0.13413
1293,-0.329,15.0615,0.13416
1294,-0.329,15.0676,0.13419
1295,-0.329,15.0736,0.13422
1296,-0.3291,15.0797,0.13425
1297,-0.3291,15.0858,0.13427
1298,-0.3292,15.0918,0.1343
1299,-0.3292,15.0979,0.13433
1300,-0.3293,15.1039,0.13436
1301,-0.3293,15.11,0.13438
1302,-0.3293,15.1161,0.13441
1303,-0.3294,15.1221,0.13444
1304,-0.3294,15.1282,0.13447
1305,-0.3295,15.1342,0.13449
1306,-0.3295,15.1403,0.13452
1307,-0.3296,15.1463,0.13455
1308,-0.3296,15.1524,0.13458
1309,-0.3296,15.1584,0.13461
1310,-0.3297,15.1645,0.13463
1311,-0.3297,15.1705,0.13466
1312,-0.3298,15.1766,0.13469
1313,-0.3298,15.1826,0.13472
1314,-0.3299,15.1887,0.13474
1315,-0.3299,15.1947,0.13477
1316,-0.3299,15.2008,0.1348
1317,-0.33,15.2068,0.13483
1318,-0.33,15.2128,0.13486
1319,-0.3301,15.2189,0.13488
1320,-0.3301,15.2249,0.13491
1321,-0.3302,15.231,0.13494
1322,-0.3302,15.237,0.13497
1323,-0.3302,15.243,0.135
1324,-0.3303,15.2491,0.13502
1325,-0.3303,15.2551,0.13505
1326,-0.3304,15.2611,0.13508
1327,-0.3304,15.2672,0.13511
1328,-0.3305,15.2732,0.13514
1329,-0.3305,15.2792,0.13516
1330,-0.3305,15.2853,0.13519
1331,-0.3306,15.2913,0.13522
1332,-0.3306,15.2973,0.13525
1333,-0.3307,15.3034,0.13527
1334,-0.3307,15.3094,0.1353
1335,-0.3308,15.3154,0.13533
1336,-0.3308,15.3214,0.13536
1337,-0.3308,15.3275,0.13539
1338,-0.3309,15.3335,0.13541
1339,-0.3309,15.3395,0.13544
1340,-0.331,15.3455,0.13547
1341,-0.331,15.3516,0.1355
1342,-0.3311,15.3576,0.13553
1343,-0.3311,15.3636,0.13555
1344,-0.3311,15.3696,0.13558
1345,-0.3312,15.3756,0.13561
1346,-0.3312,15.3817,0.13564
1347,-0.3313,15.3877,0.13567
1348,-0.3313,15.3937,0.13569
1349,-0.3314,15.3997,0.13572
1350,-0.3314,15.4057,0.13575
1351,-0.3314,15.4117,0.13578
1352,-0.3315,15.4178,0.13581
1353,-0.3315,15.4238,0.13584
1354,-0.3316,15.4298,0.13586
1355,-0.3316,15.4358,0.13589
1356,-0.3317,15.4418,0.13592
1357,-0.3317,15.4478,0.13595
1358,-0.3317,15.4538,0.13598
1359,-0.3318,15.4598,0.136
1360,-0.3318,15.4658,0.13603
1361,-0.3319,15.4719,0.13606
1362,-0.3319,15.4779,0.13609
1363,-0.332,15.4839,0.13612
1364,-0.332,15.4899,0.13614
1365,-0.332,15.4959,0.13617
1366,-0.3321,15.5019,0.1362
1367,-0.3321,15.5079,0.13623
1368,-0.3322,15.5139,0.13626
1369,-0.3322,15.5199,0.13628
1370,-0.3322,15.5259,0.13631
1371,-0.3323,15.5319,0.13634
1372,-0.3323,15.5379,0.13637
1373,-0.3324,15.5439,0.1364
1374,-0.3324,15.5499,0.13642
1375,-0.3325,15.5559,0.13645
1376,-0.3325,15.5619,0.13648
1377,-0.3325,15.5679,0.13651
1378,-0.3326,15.5739,0.13654
1379,-0.3326,15.5799,0.13656
1380,-0.3327,15.5859,0.13659
1381,-0.3327,15.5918,0.13662
1382,-0.3328,15.5978,0.13665
1383,-0.3328,15.6038,0.13668
1384,-0.3328,15.6098,0.1367
1385,-0.3329,15.6158,0.13673
1386,-0.3329,15.6218,0.13676
1387,-0.333,15.6278,0.13679
1388,-0.333,15.6338,0.13682
1389,-0.3331,15.6398,0.13684
1390,-0.3331,15.6458,0.13687
1391,-0.3331,15.6517,0.1369
1392,-0.3332,15.6577,0.13693
1393,-0.3332,15.6637,0.13696
1394,-0.3333,15.6697,0.13698
1395,-0.3333,15.6757,0.13701
1396,-0.3334,15.6817,0.13704
1397,-0.3334,15.6877,0.13707
1398,-0.3334,15.6936,0.1371
1399,-0.3335,15.6996,0.13712
1400,-0.3335,15.7056,0.13715
1401,-0.3336,15.7116,0.13718
1402,-0.3336,15.7176,0.13721
1403,-0.3337,15.7236,0.13724
1404,-0.3337,15.7295,0.13726
1405,-0.3337,15.7355,0.13729
1406,-0.3338,15.7415,0.13732
1407,-0.3338,15.7475,0.13735
1408,-0.3339,15.7534,0.13737
1409,-0.3339,15.7594,0.1374
1410,-0.3339,15.7654,0.13743
1411,-0.334,15.7714,0.13746
1412,-0.334,15.7774,0.13749
1413,-0.3341,15.7833,0.13751
1414,-0.3341,15.7893,0.13754
1415,-0.3342,15.7953,0.13757
1416,-0.3342,15.8013,0.1376
1417,-0.3342,15.8072,0.13763
1418,-0.3343,15.8132,0.13765
1419,-0.3343,15.8192,0.13768
1420,-0.3344,15.8252,0.13771
1421,-0.3344,15.8311,0.13774
1422,-0.3345,15.8371,0.13776
1423,-0.3345,15.8431,0.13779
1424,-0.3345,15.849,0.13782
1425,-0.3346,15.855,0.13785
1426,-0.3346,15.861,0.13788
1427,-0.3347,15.8669,0.1379
1428,-0.3347,15.8729,0.13793
1429,-0.3348,15.8789,0.13796
1430,-0.3348,15.8849,0.13799
1431,-0.3348,15.8908,0.13801
1432,-0.3349,15.8968,0.13804
1433,-0.3349,15.9028,0.13807
1434,-0.335,15.9087,0.1381
1435,-0.335,15.9147,0.13813
1436,-0.3351,15.9207,0.13815
1437,-0.3351,15.9266,0.13818
1438,-0.3351,15.9326,0.13821
1439,-0.3352,15.9386,0.13824
1440,-0.3352,15.9445,0.13826
1441,-0.3353,15.9505,0.13829
1442,-0.3353,15.9565,0.13832
1443,-0.3354,15.9624,0.13835
1444,-0.3354,15.9684,0.13838
1445,-0.3354,15.9744,0.1384
1446,-0.3355,15.9803,0.13843
1447,-0.3355,15.9863,0.13846
1448,-0.3356,15.9922,0.13849
1449,-0.3356,15.9982,0.13851
1450,-0.3357,16.0042,0.13854
1451,-0.3357,16.0101,0.13857
1452,-0.3357,16.0161,0.1386
1453,-0.3358,16.0221,0.13862
1454,-0.3358,16.028,0.13865
1455,-0.3359,16.034,0.13868
1456,-0.3359,16.0399,0.13871
1457,-0.3359,16.0459,0.13873
1458,-0.336,16.0519,0.13876
1459,-0.336,16.0578,0.13879
1460,-0.3361,16.0638,0.13882
1461,-0.3361,16.0697,0.13884
1462,-0.3362,16.0757,0.13887
1463,-0.3362,16.0817,0.1389
1464,-0.3362,16.0876,0.13893
1465,-0.3363,16.0936,0.13895
1466,-0.3363,16.0995,0.13898
1467,-0.3364,16.1055,0.13901
1468,-0.3364,16.1115,0.13904
1469,-0.3365,16.1174,0.13907
1470,-0.3365,16.1234,0.13909
1471,-0.3365,16.1293,0.13912
1472,-0.3366,16.1353,0.13915
1473,-0.3366,16.1413,0.13918
1474,-0.3367,16.1472,0.1392
1475,-0.3367,16.1532,0.13923
1476,-0.3368,16.1591,0.13926
1477,-0.3368,16.1651,0.13928
1478,-0.3368,16.171,0.13931
1479,-0.3369,16.177,0.13934
1480,-0.3369,16.1829,0.13937
1481,-0.337,16.1889,0.13939
1482,-0.337,16.1949,0.13942
1483,-0.3371,16.2008,0.13945
1484,-0.3371,16.2068,0.13948
1485,-0.3371,16.2127,0.1395
1486,-0.3372,16.2187,0.13953
1487,-0.3372,16.2246,0.13956
1488,-0.3373,16.2306,0.13959
1489,-0.3373,16.2365,0.13961
1490,-0.3374,16.2425,0.13964
1491,-0.3374,16.2485,0.13967
1492,-0.3374,16.2544,0.1397
1493,-0.3375,16.2604,0.13972
1494,-0.3375,16.2663,0.13975
1495,-0.3376,16.2723,0.13978
1496,-0.3376,16.2782,0.1398
1497,-0.3377,16.2842,0.13983
1498,-0.3377,16.2901,0.13986
1499,-0.3377,16.2961,0.13989
1500,-0.3378,16.302,0.13991
1501,-0.3378,16.308,0.13994
1502,-0.3379,16.314,0.13997
1503,-0.3379,16.3199,0.14
1504,-0.338,16.3259,0.14002
1505,-0.338,16.3318,0.14005
1506,-0.338,16.3378,0.14008
1507,-0.3381,16.3437,0.1401
1508,-0.3381,16.3497,0.14013
1509,-0.3382,16.3556,0.14016
1510,-0.3382,16.3616,0.14019
1511,-0.3383,16.3675,0.14021
1512,-0.3383,16.3735,0.14024
1513,-0.3383,16.3794,0.14027
1514,-0.3384,16.3854,0.14029
1515,-0.3384,16.3913,0.14032
1516,-0.3385,16.3973,0.14035
1517,-0.3385,16.4032,0.14038
1518,-0.3386,16.4092,0.1404
1519,-0.3386,16.4151,0.14043
1520,-0.3386,16.4211,0.14046
1521,-0.3387,16.427,0.14048
1522,-0.3387,16.433,0.14051
1523,-0.3388,16.4389,0.14054
1524,-0.3388,16.4449,0.14056
1525,-0.3389,16.4508,0.14059
1526,-0.3389,16.4568,0.14062
1527,-0.3389,16.4627,0.14065
1528,-0.339,16.4687,0.14067
1529,-0.339,16.4746,0.1407
1530,-0.3391,16.4806,0.14073
1531,-0.3391,16.4865,0.14075
1532,-0.3392,16.4925,0.14078
1533,-0.3392,16.4984,0.14081
1534,-0.3392,16.5044,0.14083
1535,-0.3393,16.5103,0.14086
1536,-0.3393,16.5163,0.14089
1537,-0.3394,16.5222,0.14091
1538,-0.3394,16.5282,0.14094
1539,-0.3395,16.5341,0.14097
1540,-0.3395,16.5401,0.141
1541,-0.3396,16.546,0.14102
1542,-0.3396,16.552,0.14105
1543,-0.3396,16.5579,0.14108
1544,-0.3397,16.5639,0.1411
1545,-0.3397,16.5698,0.14113
1546,-0.3398,16.5758,0.14116
1547,-0.3398,16.5817,0.14118
1548,-0.3399,16.5876,0.14121
1549,-0.3399,16.5936,0.14124
1550,-0.3399,16.5995,0.14126
1551,-0.34,16.6055,0.14129
1552,-0.34,16.6114,0.14132
1553,-0.3401,16.6174,0.14134
1554,-0.3401,16.6233,0.14137
1555,-0.3402,16.6293,0.1414
1556,-0.3402,16.6352,0.14142
1557,-0.3402,16.6412,0.14145
1558,-0.3403,16.6471,0.14148
1559,-0.3403,16.653,0.1415
1560,-0.3404,16.659,0.14153
1561,-0.3404,16.6649,0.14156
1562,-0.3405,16.6709,0.14158
1563,-0.3405,16.6768,0.14161
1564,-0.3405,16.6828,0.14164
1565,-0.3406,16.6887,0.14166
1566,-0.3406,16.6947,0.14169
1567,-0.3407,16.7006,0.14172
1568,-0.3407,16.7065,0.14174
1569,-0.3408,16.7125,0.14177
1570,-0.3408,16.7184,0.14179
1571,-0.3408,16.7244,0.14182
1572,-0.3409,16.7303,0.14185
1573,-0.3409,16.7363,0.14187
1574,-0.341,16.7422,0.1419
1575,-0.341,16.7481,0.14193
1576,-0.3411,16.7541,0.14195
1577,-0.3411,16.76,0.14198
1578,-0.3412,16.766,0.14201
1579,-0.3412,16.7719,0.14203
1580,-0.3412,16.7778,0.14206
1581,-0.3413,16.7838,0.14209
1582,-0.3413,16.7897,0.14211
1583,-0.3414,16.7957,0.14214
1584,-0.3414,16.8016,0.14216
1585,-0.3415,16.8075,0.14219
1586,-0.3415,16.8135,0.14222
1587,-0.3415,16.8194,0.14224
1588,-0.3416,16.8254,0.14227
1589,-0.3416,16.8313,0.1423
1590,-0.3417,16.8372,0.14232
1591,-0.3417,16.8432,0.14235
1592,-0.3418,16.8491,0.14237
1593,-0.3418,16.855,0.1424
1594,-0.3418,16.861,0.14243
1595,-0.3419,16.8669,0.14245
1596,-0.3419,16.8729,0.14248
1597,-0.342,16.8788,0.14251
1598,-0.342,16.8847,0.14253
1599,-0.3421,16.8907,0.14256
1600,-0.3421,16.8966,0.14258
1601,-0.3421,16.9025,0.14261
1602,-0.3422,16.9085,0.14264
1603,-0.3422,16.9144,0.14266
1604,-0.3423,16.9203,0.14269
1605,-0.3423,16.9263,0.14271
1606,-0.3424,16.9322,0.14274
1607,-0.3424,16.9381,0.14277
1608,-0.3425,16.9441,0.14279
1609,-0.3425,16.95,0.14282
1610,-0.3425,16.9559,0.14284
1611,-0.3426,16.9619,0.14287
1612,-0.3426,16.9678,0.1429
1613,-0.3427,16.9737,0.14292
1614,-0.3427,16.9796,0.14295
1615,-0.3428,16.9856,0.14297
1616,-0.3428,16.9915,0.143
1617,-0.3428,16.9974,0.14303
1618,-0.3429,17.0034,0.14305
1619,-0.3429,17.0093,0.14308
1620,-0.343,17.0152,0.1431
1621,-0.343,17.0211,0.14313
1622,-0.3431,17.0271,0.14315
1623,-0.3431,17.033,0.14318
1624,-0.3431,17.0389,0.14321
1625,-0.3432,17.0448,0.14323
1626,-0.3432,17.0508,0.14326
1627,-0.3433,17.0567,0.14328
1628,-0.3433,17.0626,0.14331
1629,-0.3434,17.0685,0.14334
1630,-0.3434,17.0744,0.14336
1631,-0.3434,17.0804,0.14339
1632,-0.3435,17.0863,0.14341
1633,-0.3435,17.0922,0.14344
1634,-0.3436,17.0981,0.14346
1635,-0.3436,17.104,0.14349
1636,-0.3437,17.11,0.14352
1637,-0.3437,17.1159,0.14354
1638,-0.3438,17.1218,0.14357
1639,-0.3438,17.1277,0.14359
1640,-0.3438,17.1336,0.14362
1641,-0.3439,17.1395,0.14364
1642,-0.3439,17.1455,0.14367
1643,-0.344,17.1514,0.14369
1644,-0.344,17.1573,0.14372
1645,-0.3441,17.1632,0.14375
1646,-0.3441,17.1691,0.14377
1647,-0.3441,17.175,0.1438
1648,-0.3442,17.1809,0.14382
1649,-0.3442,17.1868,0.14385
1650,-0.3443,17.1927,0.14387
1651,-0.3443,17.1987,0.1439
1652,-0.3444,17.2046,0.14392
1653,-0.3444,17.2105,0.14395
1654,-0.3444,17.2164,0.14398
1655,-0.3445,17.2223,0.144
1656,-0.3445,17.2282,0.14403
1657,-0.3446,17.2341,0.14405
1658,-0.3446,17.24,0.14408
1659,-0.3447,17.2459,0.1441
1660,-0.3447,17.2518,0.14413
1661,-0.3448,17.2577,0.14415
1662,-0.3448,17.2636,0.14418
1663,-0.3448,17.2695,0.1442
1664,-0.3449,17.2754,0.14423
1665,-0.3449,17.2813,0.14426
1666,-0.345,17.2872,0.14428
1667,-0.345,17.2931,0.14431
1668,-0.3451,17.299,0.14433
1669,-0.3451,17.3049,0.14436
1670,-0.3451,17.3108,0.14438
1671,-0.3452,17.3167,0.14441
1672,-0.3452,17.3226,0.14443
1673,-0.3453,17.3285,0.14446
1674,-0.3453,17.3344,0.14448
1675,-0.3454,17.3402,0.14451
1676,-0.3454,17.3461,0.14453
1677,-0.3454,17.352,0.14456
1678,-0.3455,17.3579,0.14458
1679,-0.3455,17.3638,0.14461
1680,-0.3456,17.3697,0.14463
1681,-0.3456,17.3756,0.14466
1682,-0.3457,17.3815,0.14468
1683,-0.3457,17.3873,0.14471
1684,-0.3457,17.3932,0.14473
1685,-0.3458,17.3991,0.14476
1686,-0.3458,17.405,0.14479
1687,-0.3459,17.4109,0.14481
1688,-0.3459,17.4167,0.14484
1689,-0.346,17.4226,0.14486
1690,-0.346,17.4285,0.14489
1691,-0.346,17.4344,0.14491
1692,-0.3461,17.4403,0.14494
1693,-0.3461,17.4461,0.14496
1694,-0.3462,17.452,0.14499
1695,-0.3462,17.4579,0.14501
1696,-0.3463,17.4637,0.14504
1697,-0.3463,17.4696,0.14506
1698,-0.3463,17.4755,0.14509
1699,-0.3464,17.4814,0.14511
1700,-0.3464,17.4872,0.14514
1701,-0.3465,17.4931,0.14516
1702,-0.3465,17.499,0.14519
1703,-0.3466,17.5048,0.14521
1704,-0.3466,17.5107,0.14524
1705,-0.3467,17.5166,0.14526
1706,-0.3467,17.5224,0.14529
1707,-0.3467,17.5283,0.14531
1708,-0.3468,17.5341,0.14534
1709,-0.3468,17.54,0.14536
1710,-0.3469,17.5459,0.14539
1711,-0.3469,17.5517,0.14541
1712,-0.347,17.5576,0.14544
1713,-0.347,17.5634,0.14546
1714,-0.347,17.5693,0.14549
1715,-0.3471,17.5751,0.14551
1716,-0.3471,17.581,0.14553
1717,-0.3472,17.5868,0.14556
1718,-0.3472,17.5927,0.14558
1719,-0.3473,17.5985,0.14561
1720,-0.3473,17.6044,0.14563
1721,-0.3473,17.6102,0.14566
1722,-0.3474,17.6161,0.14568
1723,-0.3474,17.6219,0.14571
1724,-0.3475,17.6278,0.14573
1725,-0.3475,17.6336,0.14576
1726,-0.3476,17.6394,0.14578
1727,-0.3476,17.6453,0.14581
1728,-0.3476,17.6511,0.14583
1729,-0.3477,17.657,0.14586
1730,-0.3477,17.6628,0.14588
1731,-0.3478,17.6686,0.14591
1732,-0.3478,17.6745,0.14593
1733,-0.3479,17.6803,0.14596
1734,-0.3479,17.6861,0.14598
1735,-0.3479,17.692,0.146
1736,-0.348,17.6978,0.14603
1737,-0.348,17.7036,0.14605
1738,-0.3481,17.7095,0.14608
1739,-0.3481,17.7153,0.1461
1740,-0.3482,17.7211,0.14613
1741,-0.3482,17.7269,0.14615
1742,-0.3482,17.7328,0.14618
1743,-0.3483,17.7386,0.1462
1744,-0.3483,17.7444,0.14623
1745,-0.3484,17.7502,0.14625
1746,-0.3484,17.7561,0.14628
1747,-0.3485,17.7619,0.1463
1748,-0.3485,17.7677,0.14632
1749,-0.3485,17.7735,0.14635
1750,-0.3486,17.7793,0.14637
1751,-0.3486,17.7851,0.1464
1752,-0.3487,17.791,0.14642
1753,-0.3487,17.7968,0.14645
1754,-0.3488,17.8026,0.14647
1755,-0.3488,17.8084,0.1465
1756,-0.3488,17.8142,0.14652
1757,-0.3489,17.82,0.14654
1758,-0.3489,17.8258,0.14657
1759,-0.349,17.8316,0.14659
1760,-0.349,17.8374,0.14662
1761,-0.3491,17.8432,0.14664
1762,-0.3491,17.849,0.14667
1763,-0.3491,17.8548,0.14669
1764,-0.3492,17.8606,0.14672
1765,-0.3492,17.8664,0.14674
1766,-0.3493,17.8722,0.14676
1767,-0.3493,17.878,0.14679
1768,-0.3493,17.8838,0.14681
1769,-0.3494,17.8896,0.14684
1770,-0.3494,17.8954,0.14686
1771,-0.3495,17.9012,0.14689
1772,-0.3495,17.907,0.14691
1773,-0.3496,17.9128,0.14693
1774,-0.3496,17.9186,0.14696
1775,-0.3496,17.9243,0.14698
1776,-0.3497,17.9301,0.14701
1777,-0.3497,17.9359,0.14703
1778,-0.3498,17.9417,0.14706
1779,-0.3498,17.9475,0.14708
1780,-0.3499,17.9533,0.1471
1781,-0.3499,17.959,0.14713
1782,-0.3499,17.9648,0.14715
1783,-0.35,17.9706,0.14718
1784,-0.35,17.9764,0.1472
1785,-0.3501,17.9821,0.14722
1786,-0.3501,17.9879,0.14725
1787,-0.3502,17.9937,0.14727
1788,-0.3502,17.9995,0.1473
1789,-0.3502,18.0052,0.14732
1790,-0.3503,18.011,0.14735
1791,-0.3503,18.0168,0.14737
1792,-0.3504,18.0225,0.14739
1793,-0.3504,18.0283,0.14742
1794,-0.3505,18.0341,0.14744
1795,-0.3505,18.0398,0.14747
1796,-0.3505,18.0456,0.14749
1797,-0.3506,18.0513,0.14751
1798,-0.3506,18.0571,0.14754
1799,-0.3507,18.0629,0.14756
1800,-0.3507,18.0686,0.14759
1801,-0.3507,18.0744,0.14761
1802,-0.3508,18.0801,0.14763
1803,-0.3508,18.0859,0.14766
1804,-0.3509,18.0916,0.14768
1805,-0.3509,18.0974,0.14771
1806,-0.351,18.1031,0.14773
1807,-0.351,18.1089,0.14775
1808,-0.351,18.1146,0.14778
1809,-0.3511,18.1204,0.1478
1810,-0.3511,18.1261,0.14783
1811,-0.3512,18.1319,0.14785
1812,-0.3512,18.1376,0.14787
1813,-0.3513,18.1434,0.1479
1814,-0.3513,18.1491,0.14792
1815,-0.3513,18.1548,0.14794
1816,-0.3514,18.1606,0.14797
1817,-0.3514,18.1663,0.14799
1818,-0.3515,18.172,0.14802
1819,-0.3515,18.1778,0.14804
1820,-0.3515,18.1835,0.14806
1821,-0.3516,18.1892,0.14809
1822,-0.3516,18.195,0.14811
1823,-0.3517,18.2007,0.14814
1824,-0.3517,18.2064,0.14816
1825,-0.3518,18.2122,0.14818
1826,-0.3518,18.2179,0.14821
1827,-0.3518,18.2236,0.14823
1828,-0.3519,18.2293,0.14825
1829,-0.3519,18.235,0.14828
1830,-0.352,18.2408,0.1483
1831,-0.352,18.2465,0.14833
1832,-0.352,18.2522,0.14835
1833,-0.3521,18.2579,0.14837
1834,-0.3521,18.2636,0.1484
1835,-0.3522,18.2693,0.14842
1836,-0.3522,18.2751,0.14844
1837,-0.3523,18.2808,0.14847
1838,-0.3523,18.2865,0.14849
1839,-0.3523,18.2922,0.14852
1840,-0.3524,18.2979,0.14854
1841,-0.3524,18.3036,0.14856
1842,-0.3525,18.3093,0.14859
1843,-0.3525,18.315,0.14861
1844,-0.3526,18.3207,0.14863
1845,-0.3526,18.3264,0.14866
1846,-0.3526,18.3321,0.14868
1847,-0.3527,18.3378,0.14871
1848,-0.3527,18.3435,0.14873
1849,-0.3528,18.3492,0.14875
1850,-0.3528,18.3549,0.14878
1851,-0.3528,18.3606,0.1488
1852,-0.3529,18.3663,0.14882
1853,-0.3529,18.372,0.14885
1854,-0.353,18.3777,0.14887
1855,-0.353,18.3834,0.14889
1856,-0.3531,18.389,0.14892